t,x,y,vx,vy
0.000,3.864E-4,1.932E-4,,
0.033,-3.864E-4,5.796E-4,-5.796E-3,1.739E-2
0.067,5.551E-17,1.352E-3,5.796E-3,0.000
0.100,5.551E-17,5.796E-4,5.796E-3,0.000
0.133,3.864E-4,1.352E-3,1.739E-2,1.739E-2
0.167,1.159E-3,1.739E-3,-5.796E-3,5.796E-3
0.200,5.551E-17,1.739E-3,1.159E-2,1.159E-2
0.234,1.932E-3,2.512E-3,1.159E-2,0.000
0.267,7.728E-4,1.739E-3,-2.318E-2,-1.739E-2
0.300,3.864E-4,1.352E-3,-1.159E-2,5.796E-3
0.334,5.551E-17,2.125E-3,5.796E-3,2.318E-2
0.367,7.728E-4,2.898E-3,1.159E-2,5.796E-3
0.400,7.728E-4,2.512E-3,-5.796E-3,-1.739E-2
0.434,3.864E-4,1.739E-3,-2.318E-2,-5.796E-3
0.467,-7.728E-4,2.125E-3,-1.739E-2,4.637E-2
0.500,-7.728E-4,4.830E-3,0.000,2.898E-2
0.534,-7.728E-4,4.057E-3,-5.307E-3,-1.810E-3
0.567,-1.127E-3,4.709E-3,-1.086E-2,2.165E-2
0.601,-1.497E-3,5.501E-3,-9.988E-3,2.682E-2
0.634,-1.792E-3,6.497E-3,-9.103E-3,2.770E-2
0.667,-2.104E-3,7.347E-3,-5.091E-3,2.439E-2
0.701,-2.132E-3,8.123E-3,-8.385E-5,2.273E-2
0.734,-2.109E-3,8.863E-3,-3.630E-4,1.845E-2
0.767,-2.156E-3,9.353E-3,-1.779E-3,1.391E-2
0.801,-2.228E-3,9.790E-3,-4.261E-3,1.529E-2
0.834,-2.440E-3,1.037E-2,-6.828E-3,2.058E-2
0.867,-2.683E-3,1.116E-2,-4.873E-3,2.629E-2
0.901,-2.765E-3,1.212E-2,-3.177E-3,2.781E-2
0.934,-2.895E-3,1.302E-2,-3.292E-3,2.679E-2
0.968,-2.990E-3,1.396E-2,-2.768E-3,2.783E-2
1.001,-3.084E-3,1.492E-2,-2.486E-3,3.110E-2
1.034,-3.156E-3,1.603E-2,-2.660E-3,3.270E-2
1.068,-3.261E-3,1.710E-2,-1.769E-3,3.283E-2
1.101,-3.274E-3,1.822E-2,-2.289E-3,2.797E-2
1.134,-3.414E-3,1.896E-2,-5.220E-3,2.273E-2
1.168,-3.622E-3,1.973E-2,-4.303E-3,2.584E-2
1.201,-3.701E-3,2.069E-2,-1.685E-3,2.833E-2
1.234,-3.734E-3,2.162E-2,-1.407E-3,2.604E-2
1.268,-3.795E-3,2.242E-2,-1.637E-3,2.452E-2
1.301,-3.843E-3,2.326E-2,-2.165E-3,2.637E-2
1.335,-3.939E-3,2.418E-2,-3.146E-3,2.671E-2
1.368,-4.053E-3,2.504E-2,-2.165E-3,3.015E-2
1.401,-4.083E-3,2.619E-2,-6.967E-4,3.362E-2
1.435,-4.099E-3,2.728E-2,5.955E-4,2.969E-2
1.468,-4.043E-3,2.817E-2,7.029E-4,2.722E-2
1.501,-4.052E-3,2.909E-2,2.349E-4,2.638E-2
1.535,-4.028E-3,2.993E-2,1.767E-3,2.571E-2
1.568,-3.935E-3,3.081E-2,2.108E-3,2.482E-2
1.601,-3.887E-3,3.158E-2,1.744E-3,2.200E-2
1.635,-3.818E-3,3.227E-2,6.880E-4,2.149E-2
1.668,-3.841E-3,3.301E-2,-6.879E-4,2.390E-2
1.702,-3.864E-3,3.387E-2,-8.098E-4,2.545E-2
1.735,-3.895E-3,3.471E-2,-9.119E-4,2.596E-2
1.768,-3.925E-3,3.560E-2,-2.416E-4,2.882E-2
1.802,-3.912E-3,3.663E-2,-1.210E-4,3.090E-2
1.835,-3.933E-3,3.766E-2,-6.022E-4,3.036E-2
1.868,-3.952E-3,3.866E-2,-5.364E-5,3.060E-2
1.902,-3.937E-3,3.970E-2,-1.848E-4,3.028E-2
1.935,-3.964E-3,4.068E-2,-1.318E-3,2.991E-2
1.968,-4.024E-3,4.169E-2,-2.427E-3,2.952E-2
2.002,-4.126E-3,4.264E-2,-3.653E-3,2.778E-2
2.035,-4.268E-3,4.354E-2,-2.676E-3,3.053E-2
2.069,-4.304E-3,4.468E-2,-5.938E-4,3.491E-2
2.102,-4.308E-3,4.587E-2,1.578E-3,3.073E-2
2.135,-4.199E-3,4.673E-2,2.913E-3,2.844E-2
2.169,-4.113E-3,4.777E-2,2.230E-3,2.933E-2
2.202,-4.050E-3,4.868E-2,2.166E-3,2.791E-2
2.235,-3.969E-3,4.963E-2,2.469E-3,3.062E-2
2.269,-3.886E-3,5.072E-2,7.040E-4,3.234E-2
2.302,-3.922E-3,5.178E-2,-1.744E-3,3.271E-2
2.335,-4.002E-3,5.291E-2,-4.966E-3,3.194E-2
2.369,-4.253E-3,5.391E-2,-6.945E-3,2.972E-2
2.402,-4.465E-3,5.489E-2,-5.578E-3,2.617E-2
2.436,-4.625E-3,5.566E-2,-3.280E-3,2.110E-2
2.469,-4.684E-3,5.629E-2,2.016E-4,1.927E-2
2.502,-4.612E-3,5.694E-2,-2.832E-4,1.908E-2
2.536,-4.703E-3,5.757E-2,-2.550E-3,1.442E-2
2.569,-4.782E-3,5.790E-2,-3.643E-3,1.373E-2
2.602,-4.946E-3,5.848E-2,-6.244E-3,1.933E-2
2.636,-5.198E-3,5.919E-2,-4.438E-3,2.030E-2
2.669,-5.241E-3,5.983E-2,-2.134E-4,2.104E-2
2.703,-5.212E-3,6.059E-2,4.268E-4,2.367E-2
2.736,-5.213E-3,6.141E-2,2.757E-4,2.421E-2
2.769,-5.194E-3,6.221E-2,5.639E-5,2.357E-2
2.803,-5.209E-3,6.298E-2,-1.237E-3,2.677E-2
2.836,-5.276E-3,6.399E-2,-7.100E-4,3.252E-2
2.869,-5.257E-3,6.515E-2,6.331E-4,3.575E-2
2.903,-5.233E-3,6.644E-2,-1.323E-3,3.537E-2
2.936,-5.347E-3,6.757E-2,-1.622E-3,3.383E-2
2.969,-5.341E-3,6.869E-2,-4.889E-4,3.315E-2
3.003,-5.380E-3,6.978E-2,-3.784E-4,2.775E-2
3.036,-5.366E-3,7.054E-2,2.525E-3,2.658E-2
3.070,-5.211E-3,7.155E-2,5.296E-3,2.761E-2
3.103,-5.013E-3,7.238E-2,5.243E-3,2.402E-2
3.136,-4.862E-3,7.315E-2,2.390E-3,2.101E-2
3.170,-4.854E-3,7.378E-2,-2.156E-3,1.673E-2
3.203,-5.005E-3,7.427E-2,-3.147E-3,1.793E-2
3.236,-5.064E-3,7.498E-2,-2.750E-3,2.106E-2
3.270,-5.189E-3,7.567E-2,-1.789E-3,2.804E-2
3.303,-5.183E-3,7.685E-2,2.154E-3,4.305E-2
3.336,-5.045E-3,7.854E-2,3.181E-3,4.373E-2
3.370,-4.971E-3,7.976E-2,5.879E-3,3.984E-2
3.403,-4.653E-3,8.120E-2,7.882E-3,3.898E-2
3.437,-4.445E-3,8.236E-2,3.802E-3,3.131E-2
3.470,-4.400E-3,8.328E-2,3.323E-4,3.163E-2
3.503,-4.423E-3,8.447E-2,2.183E-4,3.321E-2
3.537,-4.385E-3,8.550E-2,-6.360E-4,3.057E-2
3.570,-4.466E-3,8.651E-2,-3.407E-3,3.053E-2
3.603,-4.612E-3,8.753E-2,-3.353E-3,3.583E-2
3.637,-4.689E-3,8.890E-2,2.330E-3,5.449E-2
3.670,-4.457E-3,9.117E-2,1.208E-2,7.867E-2
3.703,-3.884E-3,9.414E-2,1.774E-2,8.222E-2
3.737,-3.274E-3,9.665E-2,1.733E-2,8.343E-2
3.770,-2.728E-3,9.970E-2,1.467E-2,8.808E-2
3.804,-2.296E-3,0.103,1.440E-2,8.460E-2
3.837,-1.768E-3,0.105,1.414E-2,8.048E-2
3.870,-1.353E-3,0.108,6.634E-3,6.437E-2
3.904,-1.326E-3,0.110,-2.072E-3,4.420E-2
3.937,-1.492E-3,0.111,-8.179E-3,3.791E-2
3.970,-1.871E-3,0.112,-9.942E-3,4.084E-2
4.004,-2.154E-3,0.114,-4.428E-3,3.925E-2
4.037,-2.167E-3,0.115,-2.362E-3,3.307E-2
4.070,-2.312E-3,0.116,-4.187E-3,3.020E-2
4.104,-2.446E-3,0.117,-3.131E-3,3.210E-2
4.137,-2.520E-3,0.118,-1.874E-3,2.846E-2
4.171,-2.571E-3,0.119,-3.583E-3,2.380E-2
4.204,-2.759E-3,0.119,-5.237E-3,2.272E-2
4.237,-2.920E-3,0.120,-3.575E-3,2.110E-2
4.271,-2.998E-3,0.121,-3.743E-3,1.993E-2
4.304,-3.169E-3,0.122,-7.028E-3,2.023E-2
4.337,-3.466E-3,0.122,-1.293E-2,2.691E-2
4.371,-4.031E-3,0.123,-1.430E-2,3.077E-2
4.404,-4.420E-3,0.124,-9.023E-3,3.040E-2
4.437,-4.633E-3,0.125,-6.380E-3,3.070E-2
4.471,-4.845E-3,0.126,-5.865E-3,2.322E-2
4.504,-5.024E-3,0.127,-4.764E-3,1.825E-2
4.538,-5.163E-3,0.128,-2.593E-3,2.209E-2
4.571,-5.201E-3,0.128,-3.008E-3,2.217E-2
4.604,-5.368E-3,0.129,-3.441E-3,2.429E-2
4.638,-5.430E-3,0.130,-9.955E-4,2.837E-2
4.671,-5.434E-3,0.131,5.902E-4,2.807E-2
4.704,-5.391E-3,0.132,7.911E-4,2.957E-2
4.738,-5.382E-3,0.133,-3.306E-5,3.034E-2
4.771,-5.393E-3,0.134,-2.691E-4,2.818E-2
4.804,-5.400E-3,0.135,-1.207E-3,2.672E-2
4.838,-5.474E-3,0.136,-4.374E-4,2.642E-2
4.871,-5.429E-3,0.137,4.546E-4,3.148E-2
4.905,-5.443E-3,0.138,-4.012E-4,4.046E-2
4.938,-5.456E-3,0.139,-8.249E-5,4.592E-2
4.971,-5.449E-3,0.141,3.608E-3,5.204E-2
5.005,-5.215E-3,0.143,7.398E-3,5.335E-2
5.038,-4.956E-3,0.144,5.858E-3,5.084E-2
5.071,-4.824E-3,0.146,4.362E-3,4.718E-2
5.105,-4.665E-3,0.148,2.022E-3,3.741E-2
5.138,-4.690E-3,0.149,-1.636E-3,2.898E-2
5.171,-4.774E-3,0.149,-2.131E-3,2.693E-2
5.205,-4.832E-3,0.150,-3.016E-3,2.281E-2
5.238,-4.975E-3,0.151,-3.849E-3,2.136E-2
5.272,-5.088E-3,0.152,-3.951E-3,2.193E-2
5.305,-5.239E-3,0.152,-4.360E-3,1.530E-2
5.338,-5.379E-3,0.153,-4.218E-3,1.355E-2
5.372,-5.520E-3,0.153,-4.821E-3,1.871E-2
5.405,-5.701E-3,0.154,-4.192E-3,2.279E-2
5.438,-5.799E-3,0.155,-1.242E-3,2.414E-2
5.472,-5.783E-3,0.156,5.922E-4,2.273E-2
5.505,-5.760E-3,0.156,8.955E-5,1.680E-2
5.538,-5.777E-3,0.157,-1.013E-5,1.124E-2
5.572,-5.760E-3,0.157,-4.842E-4,9.821E-3
5.605,-5.810E-3,0.157,8.429E-5,1.312E-2
5.639,-5.755E-3,0.158,2.710E-3,1.991E-2
5.672,-5.629E-3,0.159,1.866E-3,1.828E-2
5.705,-5.630E-3,0.159,-1.689E-4,6.011E-3
5.739,-5.640E-3,0.159,-6.036E-4,-2.557E-3
5.772,-5.671E-3,0.159,-1.139E-4,-3.707E-3
5.805,-5.648E-3,0.159,3.934E-4,-1.794E-3
5.839,-5.644E-3,0.159,3.834E-4,-7.839E-6
5.872,-5.622E-3,0.159,1.477E-4,2.471E-4
5.905,-5.635E-3,0.159,-3.075E-4,3.899E-4
5.939,-5.643E-3,0.159,-3.524E-3,9.585E-4
5.972,-5.870E-3,0.159,-1.145E-2,1.219E-3
6.006,-6.406E-3,0.159,-1.405E-2,-4.495E-5
6.039,-6.806E-3,0.159,-1.392E-2,-3.889E-3
6.072,-7.334E-3,0.159,-1.708E-2,-8.565E-3
6.106,-7.945E-3,0.158,-1.821E-2,-1.049E-2
6.139,-8.548E-3,0.158,-1.653E-2,-6.596E-3
6.172,-9.047E-3,0.158,-1.681E-2,1.094E-3
6.206,-9.669E-3,0.158,-1.782E-2,7.583E-3
6.239,-1.023E-2,0.159,-1.718E-2,9.496E-3
6.272,-1.081E-2,0.159,-2.378E-2,8.416E-3
6.306,-1.182E-2,0.159,-3.392E-2,7.777E-3
6.339,-1.308E-2,0.159,-3.125E-2,5.411E-3
6.373,-1.390E-2,0.159,-1.864E-2,2.369E-3
6.406,-1.432E-2,0.160,-1.322E-2,-1.566E-3
6.439,-1.478E-2,0.159,-1.761E-2,-3.743E-3
6.473,-1.549E-2,0.159,-1.992E-2,-1.346E-3
6.506,-1.611E-2,0.159,-1.686E-2,1.320E-3
6.539,-1.662E-2,0.159,-1.858E-2,4.334E-3
6.573,-1.735E-2,0.160,-2.708E-2,6.189E-3
6.606,-1.847E-2,0.160,-4.252E-2,5.637E-3
6.639,-2.026E-2,0.160,-4.750E-2,5.945E-3
6.673,-2.163E-2,0.160,-3.424E-2,6.046E-3
6.706,-2.254E-2,0.160,-2.943E-2,5.406E-3
6.740,-2.359E-2,0.161,-3.129E-2,3.628E-3
6.773,-2.463E-2,0.161,-2.960E-2,1.404E-3
6.806,-2.557E-2,0.161,-2.337E-2,1.173E-3
6.840,-2.618E-2,0.161,-2.164E-2,7.695E-4
6.873,-2.701E-2,0.161,-2.372E-2,-9.302E-4
6.906,-2.777E-2,0.161,-2.448E-2,-2.152E-3
6.940,-2.864E-2,0.161,-3.311E-2,-4.274E-3
6.973,-2.997E-2,0.160,-3.620E-2,-6.258E-3
7.006,-3.106E-2,0.160,-3.246E-2,-5.683E-3
7.040,-3.214E-2,0.160,-3.849E-2,-7.667E-3
7.073,-3.362E-2,0.160,-5.019E-2,-1.117E-2
7.107,-3.548E-2,0.159,-4.542E-2,-1.169E-2
7.140,-3.665E-2,0.159,-3.710E-2,-1.125E-2
7.173,-3.796E-2,0.158,-3.732E-2,-1.294E-2
7.207,-3.914E-2,0.158,-3.963E-2,-1.360E-2
7.240,-4.060E-2,0.158,-3.982E-2,-1.185E-2
7.273,-4.179E-2,0.157,-3.115E-2,-9.918E-3
7.307,-4.267E-2,0.157,-2.778E-2,-8.319E-3
7.340,-4.364E-2,0.157,-3.391E-2,-8.643E-3
7.373,-4.493E-2,0.156,-4.006E-2,-7.882E-3
7.407,-4.632E-2,0.156,-3.853E-2,-4.192E-3
7.440,-4.750E-2,0.156,-3.313E-2,-7.315E-4
7.474,-4.852E-2,0.156,-3.432E-2,9.141E-4
7.507,-4.979E-2,0.156,-3.633E-2,2.652E-3
7.540,-5.095E-2,0.156,-3.207E-2,4.078E-3
7.574,-5.193E-2,0.156,-2.660E-2,5.492E-3
7.607,-5.272E-2,0.157,-2.121E-2,7.781E-3
7.640,-5.334E-2,0.157,-2.243E-2,8.117E-3
7.674,-5.422E-2,0.157,-2.671E-2,9.156E-3
7.707,-5.512E-2,0.157,-2.843E-2,1.079E-2
7.741,-5.611E-2,0.158,-2.988E-2,1.047E-2
7.774,-5.712E-2,0.158,-3.701E-2,9.013E-3
7.807,-5.858E-2,0.158,-3.963E-2,6.336E-3
7.841,-5.976E-2,0.159,-3.235E-2,4.934E-3
7.874,-6.073E-2,0.159,-3.124E-2,3.255E-3
7.907,-6.184E-2,0.159,-3.366E-2,1.664E-3
7.941,-6.298E-2,0.159,-4.131E-2,1.726E-4
7.974,-6.459E-2,0.159,-4.948E-2,-1.597E-3
8.007,-6.628E-2,0.159,-4.517E-2,-1.251E-3
8.041,-6.761E-2,0.159,-3.871E-2,1.717E-4
8.074,-6.886E-2,0.159,-4.357E-2,-7.879E-4
8.108,-7.051E-2,0.159,-4.537E-2,-2.092E-3
8.141,-7.188E-2,0.159,-3.536E-2,1.391E-3
8.174,-7.287E-2,0.159,-2.389E-2,5.431E-3
8.208,-7.348E-2,0.159,-1.908E-2,5.785E-3
8.241,-7.414E-2,0.159,-3.056E-2,3.686E-3
8.274,-7.551E-2,0.159,-4.644E-2,9.851E-4
8.308,-7.724E-2,0.159,-4.564E-2,-6.369E-4
8.341,-7.863E-2,0.159,-3.867E-2,-8.875E-4
8.374,-7.988E-2,0.159,-4.141E-2,-2.121E-3
8.408,-8.139E-2,0.159,-3.904E-2,-3.325E-3
8.441,-8.248E-2,0.159,-3.367E-2,-2.574E-3
8.475,-8.364E-2,0.159,-3.506E-2,-1.872E-3
8.508,-8.482E-2,0.159,-3.957E-2,-3.821E-3
8.541,-8.627E-2,0.159,-4.431E-2,-3.485E-3
8.575,-8.777E-2,0.159,-4.815E-2,-1.336E-3
8.608,-8.949E-2,0.159,-4.924E-2,-3.774E-4
8.641,-9.106E-2,0.159,-5.281E-2,-1.334E-3
8.675,-9.301E-2,0.158,-6.403E-2,-5.256E-3
8.708,-9.532E-2,0.158,-7.192E-2,-8.191E-3
8.741,-9.780E-2,0.158,-6.560E-2,-8.241E-3
8.775,-9.970E-2,0.158,-5.571E-2,-5.501E-3
8.808,-0.102,0.158,-4.550E-2,-4.302E-3
8.842,-0.103,0.157,-3.557E-2,-5.697E-3
8.875,-0.104,0.157,-3.141E-2,-5.322E-3
8.908,-0.105,0.157,-2.694E-2,-2.629E-3
8.942,-0.106,0.157,-3.021E-2,-2.069E-3
8.975,-0.107,0.157,-3.717E-2,-3.977E-3
9.008,-0.108,0.157,-4.167E-2,-2.709E-3
9.042,-0.110,0.157,-5.169E-2,-1.610E-3
9.075,-0.112,0.157,-7.706E-2,-4.950E-3
9.108,-0.115,0.156,-8.428E-2,-6.692E-3
9.142,-0.117,0.156,-6.140E-2,-3.880E-3
9.175,-0.119,0.156,-4.544E-2,1.943E-4
9.209,-0.120,0.156,-4.080E-2,1.793E-3
9.242,-0.122,0.156,-3.919E-2,2.097E-3
9.275,-0.123,0.156,-3.843E-2,3.146E-3
9.309,-0.124,0.156,-3.747E-2,2.958E-3
9.342,-0.125,0.157,-3.405E-2,2.221E-3
9.375,-0.126,0.157,-3.245E-2,2.074E-3
9.409,-0.128,0.157,-3.515E-2,1.481E-3
9.442,-0.129,0.157,-3.490E-2,7.164E-4
9.475,-0.130,0.157,-2.925E-2,2.664E-3
9.509,-0.131,0.157,-2.559E-2,5.219E-3
9.542,-0.132,0.157,-2.846E-2,6.374E-3
9.576,-0.133,0.157,-3.164E-2,8.062E-3
9.609,-0.134,0.158,-3.469E-2,8.403E-3
9.642,-0.135,0.158,-3.824E-2,5.522E-3
9.676,-0.136,0.158,-3.678E-2,3.099E-3
9.709,-0.137,0.158,-3.392E-2,3.777E-3
9.742,-0.138,0.158,-3.212E-2,4.578E-3
9.776,-0.139,0.158,-2.827E-2,5.192E-3
9.809,-0.140,0.159,-2.610E-2,5.238E-3
9.842,-0.141,0.159,-2.965E-2,4.730E-3
9.876,-0.142,0.159,-3.231E-2,4.207E-3
9.909,-0.143,0.159,-3.200E-2,3.740E-3
9.943,-0.144,0.159,-3.577E-2,2.298E-3
9.976,-0.146,0.159,-3.516E-2,2.494E-3
10.009,-0.147,0.159,-2.533E-2,8.922E-3
10.043,-0.147,0.160,-2.343E-2,1.296E-2
10.076,-0.148,0.160,-3.733E-2,8.312E-3
10.109,-0.150,0.160,-5.469E-2,5.176E-5
10.143,-0.152,0.160,-6.527E-2,-6.361E-3
10.176,-0.154,0.160,-6.623E-2,-5.903E-3
10.209,-0.156,0.160,-5.399E-2,-6.320E-4
10.243,-0.158,0.160,-3.249E-2,7.582E-3
10.276,-0.159,0.160,-2.443E-2,1.067E-2
10.310,-0.160,0.161,-4.324E-2,1.394E-3
10.343,-0.162,0.160,-5.481E-2,-5.918E-3
10.376,-0.163,0.160,-4.986E-2,-5.387E-3
10.410,-0.165,0.160,-4.055E-2,1.865E-4
10.443,-0.166,0.160,-2.388E-2,7.986E-3
10.476,-0.166,0.161,-2.135E-2,8.764E-3
10.510,-0.167,0.161,-3.475E-2,5.251E-3
10.543,-0.169,0.161,-3.688E-2,4.914E-3
10.576,-0.170,0.161,-3.360E-2,4.053E-3
10.610,-0.171,0.161,-3.763E-2,1.384E-3
10.643,-0.172,0.161,-4.370E-2,-1.398E-3
10.677,-0.174,0.161,-4.923E-2,-3.476E-3
10.710,-0.176,0.161,-4.213E-2,-1.899E-3
10.743,-0.177,0.161,-2.878E-2,3.117E-3
10.777,-0.178,0.161,-2.716E-2,4.563E-3
10.810,-0.179,0.161,-3.062E-2,1.861E-3
10.843,-0.180,0.161,-3.209E-2,7.513E-4
10.877,-0.181,0.161,-3.269E-2,4.557E-4
10.910,-0.182,0.161,-2.933E-2,1.162E-3
10.943,-0.183,0.161,-2.859E-2,9.498E-4
10.977,-0.184,0.161,-3.381E-2,4.388E-4
11.010,-0.185,0.161,-3.429E-2,1.819E-3
11.044,-0.186,0.161,-3.609E-2,-8.894E-4
11.077,-0.187,0.161,-3.137E-2,-1.889E-3
11.110,-0.188,0.161,-2.636E-2,-9.446E-4
11.144,-0.189,0.161,-3.619E-2,4.263E-4
11.177,-0.190,0.161,-3.770E-2,2.220E-3
11.210,-0.192,0.161,-3.091E-2,1.581E-3
11.244,-0.193,0.162,-3.516E-2,1.031E-3
11.277,-0.194,0.162,-3.772E-2,-3.284E-4
11.310,-0.195,0.161,-3.082E-2,-1.808E-4
11.344,-0.196,0.161,-3.243E-2,-1.699E-3
11.377,-0.197,0.161,-3.956E-2,-2.809E-3
11.411,-0.199,0.161,-3.998E-2,-1.837E-3
11.444,-0.200,0.161,-3.741E-2,-1.195E-3
11.477,-0.201,0.161,-4.284E-2,-3.261E-4
11.511,-0.203,0.161,-4.616E-2,-9.548E-4
11.544,-0.204,0.161,-4.231E-2,-2.847E-3
11.577,-0.206,0.161,-3.817E-2,-3.179E-3
11.611,-0.207,0.161,-3.375E-2,-2.019E-3
11.644,-0.208,0.161,-3.165E-2,-6.244E-4
11.677,-0.209,0.161,-2.864E-2,5.522E-4
11.711,-0.210,0.161,-2.654E-2,1.186E-3
11.744,-0.211,0.161,-2.956E-2,1.099E-3
11.778,-0.212,0.161,-3.429E-2,1.039E-3
11.811,-0.213,0.161,-3.657E-2,2.329E-3
11.844,-0.214,0.161,-3.920E-2,2.410E-3
11.878,-0.216,0.161,-4.090E-2,1.625E-3
11.911,-0.217,0.161,-3.995E-2,2.275E-3
11.944,-0.218,0.161,-3.925E-2,4.972E-3
11.978,-0.220,0.162,-3.997E-2,5.167E-3
12.011,-0.221,0.162,-4.238E-2,2.213E-3
12.044,-0.222,0.162,-3.942E-2,-8.824E-4
12.078,-0.224,0.162,-3.059E-2,-3.452E-3
12.111,-0.224,0.162,-2.143E-2,-1.924E-3
12.145,-0.225,0.162,-1.939E-2,-1.662E-3
12.178,-0.226,0.161,-2.432E-2,-3.650E-3
12.211,-0.227,0.161,-3.623E-2,-3.577E-3
12.245,-0.228,0.161,-4.611E-2,-3.201E-3
12.278,-0.230,0.161,-4.823E-2,-2.958E-3
12.311,-0.231,0.161,-4.818E-2,-4.674E-3
12.345,-0.233,0.161,-3.623E-2,-5.240E-3
12.378,-0.234,0.161,-1.935E-2,-3.547E-3
12.411,-0.234,0.161,-1.210E-2,-3.745E-3
12.445,-0.235,0.160,-1.005E-2,-2.541E-3
12.478,-0.235,0.160,-1.127E-2,-2.501E-3
12.512,-0.235,0.160,-1.808E-2,-3.567E-3
12.545,-0.236,0.160,-2.263E-2,-2.236E-3
12.578,-0.237,0.160,-2.175E-2,-1.306E-3
12.612,-0.237,0.160,-1.802E-2,-1.319E-3
12.645,-0.238,0.160,-1.741E-2,-1.314E-3
12.678,-0.239,0.160,-1.787E-2,-5.736E-4
12.712,-0.239,0.160,-1.684E-2,-1.258E-3
12.745,-0.240,0.160,-1.790E-2,-2.025E-3
12.779,-0.240,0.160,-2.192E-2,-2.427E-3
12.812,-0.241,0.160,-2.738E-2,-1.406E-3
12.845,-0.242,0.160,-3.582E-2,-9.065E-4
12.879,-0.244,0.160,-3.324E-2,-1.441E-4
12.912,-0.244,0.160,-2.267E-2,1.475E-3
12.945,-0.245,0.160,-2.430E-2,1.418E-3
12.979,-0.246,0.160,-2.259E-2,5.056E-3
13.012,-0.247,0.160,-1.162E-2,9.905E-3
13.045,-0.247,0.160,-1.376E-2,6.581E-3
13.079,-0.248,0.161,-3.240E-2,-3.773E-3
13.112,-0.249,0.160,-4.173E-2,-6.674E-3
13.146,-0.250,0.160,-3.542E-2,-1.547E-3
13.179,-0.251,0.160,-2.052E-2,2.830E-4
13.212,-0.252,0.160,-6.739E-3,9.600E-4
13.246,-0.252,0.160,-1.679E-3,1.733E-3
13.279,-0.252,0.160,-7.880E-4,2.809E-4
13.312,-0.252,0.160,-4.267E-4,1.117E-3
13.346,-0.252,0.160,-1.180E-3,3.295E-3
13.379,-0.252,0.160,-9.533E-4,3.151E-3
13.412,-0.252,0.160,4.650E-3,-3.125E-3
13.446,-0.252,0.160,1.575E-2,-1.609E-2
13.479,-0.251,0.159,3.063E-2,-2.861E-2
13.513,-0.250,0.158,3.548E-2,-4.159E-2
13.546,-0.248,0.157,2.862E-2,-5.434E-2
13.579,-0.248,0.155,2.437E-2,-6.145E-2
13.613,-0.247,0.153,1.819E-2,-6.431E-2
13.646,-0.246,0.150,2.458E-3,-5.914E-2
13.679,-0.247,0.149,-6.935E-3,-4.700E-2
13.713,-0.247,0.147,-1.056E-2,-4.207E-2
13.746,-0.247,0.146,-1.603E-2,-3.892E-2
13.779,-0.248,0.145,-1.483E-2,-3.476E-2
13.813,-0.248,0.143,-1.007E-2,-3.428E-2
13.846,-0.249,0.142,-7.365E-3,-3.433E-2
13.880,-0.249,0.141,-5.648E-3,-3.590E-2
13.913,-0.249,0.140,-2.743E-3,-3.937E-2
13.946,-0.249,0.139,-4.728E-3,-5.086E-2
13.980,-0.249,0.136,-9.766E-3,-6.202E-2
14.013,-0.250,0.134,-1.002E-2,-6.517E-2
14.046,-0.250,0.132,-1.351E-2,-7.614E-2
14.080,-0.251,0.129,-2.053E-2,-9.440E-2
14.113,-0.251,0.126,-1.451E-2,-0.100
14.146,-0.252,0.123,-2.766E-3,-9.379E-2
14.180,-0.252,0.120,-2.390E-3,-9.169E-2
14.213,-0.252,0.117,-6.239E-3,-7.995E-2
14.247,-0.252,0.114,-8.395E-3,-6.469E-2
14.280,-0.252,0.112,-1.055E-2,-6.476E-2
14.313,-0.253,0.110,-9.738E-3,-6.549E-2
14.347,-0.253,0.108,-7.588E-3,-6.807E-2
14.380,-0.253,0.105,-1.126E-2,-6.707E-2
14.413,-0.254,0.103,-1.269E-2,-5.974E-2
14.447,-0.254,0.101,-8.181E-3,-5.954E-2
14.480,-0.254,9.940E-2,-6.045E-3,-6.062E-2
14.513,-0.254,9.740E-2,-5.997E-3,-5.696E-2
14.547,-0.255,9.560E-2,-2.565E-3,-5.063E-2
14.580,-0.255,9.402E-2,3.617E-3,-4.676E-2
14.614,-0.254,9.249E-2,2.849E-3,-4.829E-2
14.647,-0.254,9.080E-2,-2.958E-3,-5.375E-2
14.680,-0.255,8.890E-2,-2.384E-3,-5.943E-2
14.714,-0.255,8.684E-2,1.773E-3,-6.641E-2
14.747,-0.254,8.448E-2,7.887E-3,-7.186E-2
14.780,-0.254,8.205E-2,1.506E-2,-7.208E-2
14.814,-0.253,7.967E-2,1.296E-2,-7.151E-2
14.847,-0.253,7.728E-2,5.296E-3,-7.004E-2
14.880,-0.253,7.500E-2,1.470E-3,-6.871E-2
14.914,-0.253,7.270E-2,-3.441E-4,-7.070E-2
14.947,-0.253,7.029E-2,-4.121E-4,-6.895E-2
14.981,-0.253,6.810E-2,-1.137E-3,-6.536E-2
15.014,-0.253,6.593E-2,-2.074E-3,-5.802E-2
15.047,-0.253,6.424E-2,-1.015E-3,-4.893E-2
15.081,-0.253,6.267E-2,-1.967E-3,-4.314E-2
15.114,-0.253,6.136E-2,-4.207E-3,-3.639E-2
15.147,-0.254,6.024E-2,-2.055E-3,-3.021E-2
15.181,-0.254,5.935E-2,1.898E-3,-2.821E-2
15.214,-0.253,5.836E-2,4.468E-3,-3.046E-2
15.247,-0.253,5.731E-2,4.993E-3,-2.946E-2
15.281,-0.253,5.640E-2,5.536E-3,-2.856E-2
15.314,-0.253,5.541E-2,4.347E-3,-3.014E-2
15.348,-0.253,5.439E-2,-8.502E-4,-3.131E-2
15.381,-0.253,5.332E-2,-1.001E-3,-3.966E-2
15.414,-0.253,5.174E-2,3.288E-3,-4.898E-2
15.448,-0.253,5.006E-2,5.388E-3,-4.954E-2
15.481,-0.253,4.844E-2,3.489E-3,-5.089E-2
15.514,-0.252,4.666E-2,2.219E-3,-4.862E-2
15.548,-0.252,4.520E-2,2.627E-3,-4.134E-2
15.581,-0.252,4.391E-2,3.973E-3,-3.422E-2
15.614,-0.252,4.292E-2,3.820E-3,-3.029E-2
15.648,-0.252,4.189E-2,1.974E-3,-2.814E-2
15.681,-0.252,4.100E-2,1.669E-4,-3.178E-2
15.715,-0.252,3.972E-2,-4.565E-3,-3.723E-2
15.748,-0.252,3.851E-2,-4.535E-3,-3.613E-2
15.781,-0.252,3.731E-2,-3.357E-3,-3.749E-2
15.815,-0.253,3.601E-2,-1.699E-3,-3.944E-2
15.848,-0.252,3.468E-2,1.701E-3,-4.041E-2
15.881,-0.252,3.332E-2,1.455E-3,-4.460E-2
15.915,-0.252,3.171E-2,1.312E-3,-5.027E-2
15.948,-0.252,2.997E-2,2.754E-4,-5.029E-2
15.981,-0.252,2.835E-2,-3.929E-3,-4.932E-2
16.015,-0.253,2.668E-2,-6.157E-3,-5.132E-2
16.048,-0.253,2.493E-2,-6.727E-3,-5.554E-2
16.082,-0.253,2.298E-2,-7.164E-3,-5.534E-2
16.115,-0.253,2.124E-2,-3.552E-3,-4.834E-2
16.148,-0.253,1.976E-2,1.149E-3,-4.359E-2
16.182,-0.253,1.834E-2,2.350E-3,-4.286E-2
16.215,-0.253,1.690E-2,2.699E-3,-3.966E-2
16.248,-0.253,1.569E-2,5.079E-3,-3.502E-2
16.282,-0.253,1.456E-2,8.383E-3,-3.317E-2
16.315,-0.252,1.348E-2,6.942E-3,-2.684E-2
16.348,-0.252,1.277E-2,4.101E-3,-2.021E-2
16.382,-0.252,1.213E-2,4.464E-3,-1.963E-2
16.415,-0.252,1.147E-2,5.289E-3,-1.722E-2
16.449,-0.252,1.099E-2,6.693E-3,-1.815E-2
16.482,-0.252,1.026E-2,7.670E-3,-2.544E-2
16.515,-0.251,9.291E-3,6.582E-3,-2.404E-2
16.549,-0.251,8.653E-3,2.027E-3,-1.500E-2
16.582,-0.251,8.291E-3,-1.164E-4,-6.560E-3
16.615,-0.251,8.215E-3,-2.360E-4,-5.509E-4
16.649,-0.251,8.254E-3,-7.904E-4,1.669E-3
16.682,-0.251,8.327E-3,-5.487E-4,1.517E-3
16.715,-0.251,8.355E-3,8.757E-5,7.526E-4
16.749,-0.251,8.377E-3,5.631E-4,-5.217E-4
16.782,-0.251,8.321E-3,3.525E-3,-9.167E-3
16.816,-0.251,7.766E-3,8.986E-3,-1.924E-2
16.849,-0.251,7.038E-3,9.671E-3,-2.675E-2
16.882,-0.250,5.982E-3,5.562E-3,-2.454E-2
16.916,-0.250,5.402E-3,1.438E-3,-9.052E-3
16.949,-0.250,5.379E-3,-5.860E-4,8.837E-4
16.982,-0.250,5.461E-3,1.205E-3,2.665E-3
17.016,-0.250,5.556E-3,2.788E-3,5.115E-3
17.049,-0.250,5.802E-3,2.393E-3,5.434E-3
17.082,-0.250,5.919E-3,9.829E-4,2.269E-3
17.116,-0.250,5.953E-3,-2.639E-3,1.031E-3
17.149,-0.250,5.987E-3,-4.830E-3,-3.074E-4
17.183,-0.250,5.933E-3,-1.754E-3,3.187E-3
17.216,-0.250,6.200E-3,1.882E-3,5.845E-3
17.249,-0.250,6.322E-3,1.831E-3,4.481E-3
17.283,-0.250,6.499E-3,2.962E-3,5.864E-3
17.316,-0.250,6.713E-3,1.389E-2,6.933E-3
17.349,-0.249,6.961E-3,2.807E-2,7.935E-3
17.383,-0.248,7.242E-3,3.893E-2,9.758E-3
17.416,-0.247,7.611E-3,3.910E-2,9.799E-3
17.449,-0.245,7.912E-3,3.045E-2,6.971E-3
17.483,-0.245,8.088E-3,2.685E-2,6.557E-3
17.516,-0.244,8.349E-3,2.545E-2,6.385E-3
17.550,-0.243,8.513E-3,2.470E-2,4.530E-3
17.583,-0.242,8.651E-3,2.103E-2,2.815E-3
17.616,-0.241,8.701E-3,2.474E-2,5.718E-3
17.650,-0.240,9.032E-3,2.998E-2,6.755E-3
17.683,-0.239,9.151E-3,3.105E-2,3.831E-3
17.716,-0.238,9.288E-3,3.372E-2,3.610E-3
17.750,-0.237,9.392E-3,3.094E-2,2.457E-3
17.783,-0.236,9.451E-3,2.710E-2,2.109E-3
17.817,-0.235,9.533E-3,2.465E-2,1.416E-3
17.850,-0.235,9.546E-3,2.450E-2,-1.811E-4
17.883,-0.234,9.521E-3,2.373E-2,1.073E-3
17.917,-0.233,9.617E-3,2.223E-2,2.359E-3
17.950,-0.232,9.678E-3,2.386E-2,1.190E-3
17.983,-0.231,9.697E-3,2.892E-2,1.666E-3
18.017,-0.230,9.789E-3,3.087E-2,2.504E-3
18.050,-0.229,9.864E-3,3.025E-2,1.742E-3
18.083,-0.228,9.905E-3,2.986E-2,4.342E-4
18.117,-0.227,9.892E-3,3.297E-2,2.048E-3
18.150,-0.226,1.004E-2,3.319E-2,3.137E-3
18.184,-0.225,1.010E-2,3.007E-2,2.223E-3
18.217,-0.224,1.019E-2,2.927E-2,2.750E-3
18.250,-0.223,1.028E-2,2.780E-2,3.404E-3
18.284,-0.222,1.042E-2,2.727E-2,2.954E-3
18.317,-0.221,1.048E-2,2.990E-2,3.389E-3
18.350,-0.220,1.064E-2,2.825E-2,4.537E-3
18.384,-0.219,1.078E-2,2.278E-2,4.805E-3
18.417,-0.219,1.096E-2,1.863E-2,3.626E-3
18.450,-0.218,1.103E-2,1.860E-2,5.296E-3
18.484,-0.218,1.132E-2,2.413E-2,8.519E-3
18.517,-0.217,1.159E-2,2.574E-2,6.723E-3
18.551,-0.216,1.176E-2,2.090E-2,5.979E-3
18.584,-0.215,1.199E-2,2.108E-2,5.520E-3
18.617,-0.214,1.213E-2,2.896E-2,5.239E-3
18.651,-0.213,1.234E-2,2.869E-2,5.753E-3
18.684,-0.212,1.252E-2,2.532E-2,6.465E-3
18.717,-0.212,1.277E-2,2.932E-2,8.453E-3
18.751,-0.211,1.308E-2,3.324E-2,1.115E-2
18.784,-0.209,1.352E-2,3.397E-2,1.179E-2
18.817,-0.208,1.387E-2,3.208E-2,9.054E-3
18.851,-0.207,1.412E-2,3.336E-2,9.570E-3
18.884,-0.206,1.450E-2,3.913E-2,1.116E-2
18.918,-0.205,1.486E-2,3.804E-2,8.628E-3
18.951,-0.203,1.508E-2,3.369E-2,5.803E-3
18.984,-0.202,1.525E-2,3.227E-2,8.026E-3
19.018,-0.201,1.561E-2,2.780E-2,8.653E-3
19.051,-0.201,1.583E-2,2.096E-2,4.786E-3
19.084,-0.200,1.593E-2,2.032E-2,6.339E-3
19.118,-0.199,1.625E-2,2.267E-2,8.693E-3
19.151,-0.198,1.651E-2,2.838E-2,6.606E-3
19.184,-0.197,1.669E-2,3.174E-2,5.583E-3
19.218,-0.196,1.688E-2,3.041E-2,4.404E-3
19.251,-0.195,1.698E-2,3.540E-2,5.212E-3
19.285,-0.194,1.723E-2,3.906E-2,9.233E-3
19.318,-0.193,1.760E-2,4.007E-2,1.048E-2
19.351,-0.191,1.793E-2,4.123E-2,1.138E-2
19.385,-0.190,1.836E-2,3.489E-2,8.934E-3
19.418,-0.189,1.854E-2,2.840E-2,5.673E-3
19.451,-0.188,1.875E-2,1.984E-2,6.357E-3
19.485,-0.188,1.896E-2,2.001E-2,5.656E-3
19.518,-0.187,1.912E-2,2.898E-2,5.766E-3
19.551,-0.186,1.935E-2,2.931E-2,5.145E-3
19.585,-0.185,1.947E-2,1.876E-2,2.701E-3
19.618,-0.184,1.953E-2,1.207E-2,2.409E-3
19.652,-0.184,1.963E-2,1.376E-2,2.530E-3
19.685,-0.183,1.970E-2,2.106E-2,4.448E-4
19.718,-0.182,1.966E-2,2.742E-2,1.778E-4
19.752,-0.182,1.971E-2,2.627E-2,1.146E-3
19.785,-0.181,1.973E-2,3.264E-2,4.647E-3
19.818,-0.179,2.002E-2,3.436E-2,8.624E-3
19.852,-0.178,2.031E-2,3.169E-2,8.757E-3
19.885,-0.177,2.060E-2,3.309E-2,7.854E-3
19.918,-0.176,2.083E-2,3.958E-2,5.347E-3
19.952,-0.175,2.096E-2,4.530E-2,2.240E-3
19.985,-0.173,2.098E-2,4.808E-2,4.217E-3
20.019,-0.172,2.124E-2,5.399E-2,8.070E-3
20.052,-0.170,2.152E-2,4.860E-2,6.790E-3
20.085,-0.168,2.169E-2,5.865E-2,7.956E-3
20.119,-0.166,2.205E-2,7.655E-2,1.063E-2
20.152,-0.163,2.240E-2,6.880E-2,1.193E-2
20.185,-0.161,2.284E-2,6.975E-2,1.488E-2
20.219,-0.159,2.339E-2,8.442E-2,1.428E-2
20.252,-0.156,2.380E-2,8.459E-2,1.150E-2
20.285,-0.153,2.416E-2,7.566E-2,1.169E-2
20.319,-0.150,2.458E-2,7.295E-2,1.184E-2
20.352,-0.148,2.495E-2,7.233E-2,1.047E-2
20.386,-0.146,2.527E-2,6.900E-2,1.169E-2
20.419,-0.143,2.573E-2,6.835E-2,1.304E-2
20.452,-0.141,2.614E-2,6.857E-2,1.148E-2
20.486,-0.139,2.650E-2,6.331E-2,1.181E-2
20.519,-0.137,2.693E-2,6.706E-2,1.224E-2
20.552,-0.134,2.731E-2,8.867E-2,1.250E-2
20.586,-0.131,2.776E-2,0.101,1.350E-2
20.619,-0.128,2.821E-2,0.102,1.473E-2
20.652,-0.124,2.875E-2,0.103,1.379E-2
20.686,-0.121,2.913E-2,0.105,1.308E-2
20.719,-0.117,2.962E-2,0.108,1.320E-2
20.753,-0.114,3.001E-2,9.951E-2,6.890E-3
20.786,-0.111,3.008E-2,8.898E-2,4.637E-3
20.819,-0.108,3.032E-2,9.413E-2,7.756E-3
20.853,-0.104,3.059E-2,0.104,8.254E-3
20.886,-0.101,3.087E-2,0.103,1.164E-2
20.919,-9.742E-2,3.137E-2,0.104,1.496E-2
20.953,-9.376E-2,3.187E-2,0.117,1.391E-2
20.986,-8.962E-2,3.230E-2,0.126,1.157E-2
21.019,-8.539E-2,3.264E-2,0.124,1.032E-2
21.053,-8.133E-2,3.299E-2,0.117,1.356E-2
21.086,-7.740E-2,3.357E-2,0.129,1.163E-2
21.120,-7.250E-2,3.378E-2,0.139,3.208E-3
21.153,-6.814E-2,3.378E-2,0.117,5.257E-3
21.186,-6.469E-2,3.413E-2,0.116,9.132E-3
21.220,-6.038E-2,3.439E-2,0.115,1.352E-3
21.253,-5.704E-2,3.422E-2,0.101,-5.512E-3
21.286,-5.362E-2,3.402E-2,9.987E-2,-6.508E-3
21.320,-5.038E-2,3.379E-2,9.619E-2,-1.148E-2
21.353,-4.721E-2,3.326E-2,8.877E-2,-1.609E-2
21.386,-4.446E-2,3.271E-2,8.223E-2,-1.468E-2
21.420,-4.172E-2,3.228E-2,7.882E-2,-1.366E-2
21.453,-3.921E-2,3.180E-2,7.363E-2,-1.335E-2
21.487,-3.682E-2,3.139E-2,6.550E-2,-1.311E-2
21.520,-3.484E-2,3.093E-2,5.841E-2,-1.304E-2
21.553,-3.292E-2,3.052E-2,5.904E-2,-1.185E-2
21.587,-3.091E-2,3.014E-2,6.033E-2,-1.240E-2
21.620,-2.890E-2,2.969E-2,6.219E-2,-1.430E-2
21.653,-2.676E-2,2.919E-2,6.278E-2,-1.417E-2
21.687,-2.471E-2,2.875E-2,5.995E-2,-1.187E-2
21.720,-2.276E-2,2.840E-2,6.218E-2,-1.182E-2
21.753,-2.057E-2,2.796E-2,7.588E-2,-1.192E-2
21.787,-1.770E-2,2.760E-2,7.975E-2,-1.110E-2
21.820,-1.525E-2,2.722E-2,6.681E-2,-1.202E-2
21.854,-1.325E-2,2.680E-2,6.552E-2,-1.158E-2
21.887,-1.088E-2,2.645E-2,6.766E-2,-7.676E-3
21.920,-8.740E-3,2.629E-2,5.348E-2,-5.104E-3
21.954,-7.318E-3,2.611E-2,4.217E-2,-5.477E-3
21.987,-5.929E-3,2.592E-2,4.273E-2,-4.492E-3
22.020,-4.470E-3,2.581E-2,4.396E-2,-3.205E-3
22.054,-2.998E-3,2.571E-2,4.852E-2,-4.330E-3
22.087,-1.235E-3,2.552E-2,5.533E-2,-5.914E-3
22.120,6.910E-4,2.531E-2,6.505E-2,-3.051E-3
22.154,3.102E-3,2.531E-2,8.029E-2,3.308E-4
22.187,6.044E-3,2.534E-2,0.103,5.022E-4
22.221,9.935E-3,2.535E-2,0.111,7.843E-6
22.254,1.342E-2,2.534E-2,0.112,-1.403E-4
22.287,1.740E-2,2.534E-2,0.106,1.398E-3
22.321,2.048E-2,2.543E-2,8.489E-2,4.776E-3
22.354,2.306E-2,2.566E-2,6.977E-2,4.127E-3
22.387,2.513E-2,2.571E-2,6.417E-2,1.218E-3
22.421,2.734E-2,2.574E-2,5.617E-2,2.249E-3
22.454,2.887E-2,2.586E-2,4.584E-2,2.307E-3
22.487,3.039E-2,2.589E-2,5.317E-2,1.664E-3
22.521,3.242E-2,2.597E-2,5.955E-2,3.467E-3
22.554,3.436E-2,2.612E-2,5.797E-2,4.661E-3
22.588,3.628E-2,2.628E-2,5.651E-2,2.954E-3
22.621,3.813E-2,2.632E-2,5.052E-2,2.337E-3
22.654,3.965E-2,2.643E-2,4.533E-2,2.191E-3
22.688,4.115E-2,2.647E-2,4.268E-2,4.193E-4
22.721,4.250E-2,2.646E-2,3.907E-2,-1.755E-4
22.754,4.376E-2,2.645E-2,3.990E-2,-6.404E-4
22.788,4.516E-2,2.642E-2,3.905E-2,3.391E-4
22.821,4.636E-2,2.648E-2,3.133E-2,1.227E-3
22.855,4.725E-2,2.650E-2,2.661E-2,-1.376E-3
22.888,4.813E-2,2.638E-2,2.549E-2,-1.108E-3
22.921,4.895E-2,2.643E-2,1.933E-2,1.234E-3
22.955,4.942E-2,2.647E-2,1.190E-2,-3.524E-4
22.988,4.974E-2,2.640E-2,7.836E-3,8.811E-4
23.021,4.994E-2,2.653E-2,7.071E-3,2.831E-3
23.055,5.021E-2,2.659E-2,6.502E-3,2.270E-3
23.088,5.038E-2,2.668E-2,6.926E-3,1.241E-3
23.121,5.067E-2,2.667E-2,1.036E-2,2.055E-3
23.155,5.109E-2,2.682E-2,7.936E-3,3.107E-3
23.188,5.121E-2,2.689E-2,3.391E-3,3.652E-3
23.222,5.131E-2,2.706E-2,-2.099E-4,3.559E-3
23.255,5.120E-2,2.712E-2,-1.670E-3,2.585E-3
23.288,5.120E-2,2.723E-2,4.889E-5,2.513E-3
23.322,5.120E-2,2.729E-2,2.052E-3,2.634E-3
23.355,5.134E-2,2.741E-2,2.721E-3,2.343E-3
23.388,5.139E-2,2.745E-2,,
